1,Emily
2,Hannah
3,Madison
4,Ashley
5,Sarah
6,Alexis
7,Samantha
8,Jessica
9,Elizabeth
10,Taylor
11,Lauren
12,Alyssa
13,Kayla
14,Abigail
15,Brianna
16,Olivia
17,Emma
18,Megan
19,Grace
20,Victoria
21,Rachel
22,Anna
23,Sydney
24,Destiny
25,Morgan
26,Jennifer
27,Jasmine
28,Haley
29,Julia
30,Kaitlyn
31,Nicole
32,Amanda
33,Katherine
34,Natalie
35,Hailey
36,Alexandra
37,Savannah
38,Chloe
39,Rebecca
40,Stephanie
41,Maria
42,Sophia
43,Mackenzie
44,Allison
45,Isabella
46,Mary
47,Amber
48,Danielle
49,Gabrielle
50,Jordan
51,Brooke
52,Michelle
53,Sierra
54,Katelyn
55,Andrea
56,Madeline
57,Sara
58,Kimberly
59,Courtney
60,Erin
61,Brittany
62,Vanessa
63,Jenna
64,Jacqueline
65,Caroline
66,Faith
67,Makayla
68,Bailey
69,Paige
70,Shelby
71,Melissa
72,Kaylee
73,Christina
74,Trinity
75,Mariah
76,Caitlin
77,Autumn
78,Marissa
79,Angela
80,Breanna
81,Catherine
82,Zoe
83,Briana
84,Jada
85,Laura
86,Claire
87,Alexa
88,Kelsey
89,Kathryn
90,Leslie
91,Alexandria
92,Sabrina
93,Mia
94,Isabel
95,Molly
96,Katie
97,Leah
98,Gabriella
99,Cheyenne
100,Cassandra
101,Tiffany
102,Erica
103,Lindsey
104,Kylie
105,Amy
106,Diana
107,Cassidy
108,Mikayla
109,Ariana
110,Margaret
111,Kelly
112,Miranda
113,Maya
114,Melanie
115,Audrey
116,Jade
117,Gabriela
118,Caitlyn
119,Angel
120,Jillian
121,Alicia
122,Jocelyn
123,Erika
124,Lily
125,Heather
126,Madelyn
127,Adriana
128,Arianna
129,Lillian
130,Kiara
131,Riley
132,Crystal
133,Mckenzie
134,Meghan
135,Skylar
136,Ana
137,Britney
138,Angelica
139,Kennedy
140,Chelsea
141,Daisy
142,Kristen
143,Veronica
144,Isabelle
145,Summer
146,Hope
147,Brittney
148,Lydia
149,Hayley
150,Evelyn
151,Bethany
152,Shannon
153,Karen
154,Michaela
155,Jamie
156,Daniela
157,Angelina
158,Kaitlin
159,Karina
160,Sophie
161,Sofia
162,Diamond
163,Payton
164,Cynthia
165,Alexia
166,Valerie
167,Monica
168,Peyton
169,Carly
170,Bianca
171,Hanna
172,Brenda
173,Rebekah
174,Alejandra
175,Mya
176,Avery
177,Brooklyn
178,Ashlyn
179,Lindsay
180,Ava
181,Desiree
182,Alondra
183,Camryn
184,Ariel
185,Naomi
186,Jordyn
187,Kendra
188,Mckenna
189,Holly
190,Julie
191,Kendall
192,Kara
193,Jasmin
194,Selena
195,Esmeralda
196,Amaya
197,Kylee
198,Maggie
199,Makenzie
200,Claudia
201,Kyra
202,Cameron
203,Karla
204,Kathleen
205,Abby
206,Delaney
207,Amelia
208,Casey
209,Serena
210,Savanna
211,Aaliyah
212,Giselle
213,Mallory
214,April
215,Adrianna
216,Raven
217,Christine
218,Kristina
219,Nina
220,Asia
221,Natalia
222,Valeria
223,Aubrey
224,Lauryn
225,Kate
226,Patricia
227,Jazmin
228,Rachael
229,Katelynn
230,Cierra
231,Alison
232,Nancy
233,Macy
234,Elena
235,Kyla
236,Katrina
237,Jazmine
238,Joanna
239,Tara
240,Gianna
241,Juliana
242,Fatima
243,Sadie
244,Allyson
245,Gracie
246,Guadalupe
247,Genesis
248,Yesenia
249,Julianna
250,Skyler
251,Tatiana
252,Alexus
253,Alana
254,Elise
255,Kirsten
256,Nadia
257,Sandra
258,Ruby
259,Dominique
260,Haylee
261,Jayla
262,Tori
263,Cindy
264,Ella
265,Sidney
266,Tessa
267,Carolina
268,Jaqueline
269,Camille
270,Carmen
271,Whitney
272,Vivian
273,Priscilla
274,Bridget
275,Celeste
276,Kiana
277,Makenna
278,Alissa
279,Madeleine
280,Miriam
281,Natasha
282,Ciara
283,Cecilia
284,Kassandra
285,Mercedes
286,Reagan
287,Aliyah
288,Josephine
289,Charlotte
290,Rylee
291,Shania
292,Kira
293,Meredith
294,Eva
295,Lisa
296,Dakota
297,Hallie
298,Anne
299,Rose
300,Liliana
301,Kristin
302,Deanna
303,Imani
304,Marisa
305,Kailey
306,Annie
307,Nia
308,Carolyn
309,Anastasia
310,Brenna
311,Dana
312,Shayla
313,Ashlee
314,Kassidy
315,Alaina
316,Wendy
317,Rosa
318,Logan
319,Tabitha
320,Paola
321,Callie
322,Addison
323,Lucy
324,Gillian
325,Clarissa
326,Esther
327,Destinee
328,Josie
329,Denise
330,Katlyn
331,Mariana
332,Bryanna
333,Emilee
334,Georgia
335,Kamryn
336,Deja
337,Ashleigh
338,Cristina
339,Ruth
340,Baylee
341,Heaven
342,Raquel
343,Monique
344,Teresa
345,Helen
346,Krystal
347,Tiana
348,Cassie
349,Kayleigh
350,Marina
351,Ivy
352,Heidi
353,Clara
354,Ashton
355,Meagan
356,Gina
357,Linda
358,Gloria
359,Jacquelyn
360,Ellie
361,Jenny
362,Renee
363,Daniella
364,Lizbeth
365,Anahi
366,Virginia
367,Gisselle
368,Kaitlynn
369,Julissa
370,Cheyanne
371,Lacey
372,Haleigh
373,Marie
374,Martha
375,Eleanor
376,Kierra
377,Tiara
378,Talia
379,Eliza
380,Kaylie
381,Mikaela
382,Harley
383,Jaden
384,Hailee
385,Madalyn
386,Kasey
387,Ashlynn
388,Brandi
389,Lesly
390,Elisabeth
391,Allie
392,Viviana
393,Cara
394,Marisol
395,India
396,Litzy
397,Tatyana
398,Melody
399,Jessie
400,Brandy
401,Alisha
402,Hunter
403,Noelle
404,Carla
405,Francesca
406,Tia
407,Layla
408,Krista
409,Zoey
410,Carley
411,Janet
412,Carissa
413,Iris
414,Susan
415,Kaleigh
416,Tyler
417,Tamara
418,Theresa
419,Yasmine
420,Tatum
421,Sharon
422,Alice
423,Yasmin
424,Tamia
425,Abbey
426,Alayna
427,Kali
428,Lilly
429,Bailee
430,Lesley
431,Mckayla
432,Ayanna
433,Serenity
434,Karissa
435,Precious
436,Jane
437,Maddison
438,Jayda
439,Lexi
440,Kelsie
441,Phoebe
442,Halle
443,Kiersten
444,Kiera
445,Tyra
446,Annika
447,Felicity
448,Taryn
449,Kaylin
450,Ellen
451,Kiley
452,Jaclyn
453,Rhiannon
454,Madisyn
455,Colleen
456,Joy
457,Charity
458,Pamela
459,Tania
460,Fiona
461,Kaila
462,Irene
463,Alyson
464,Annabelle
465,Emely
466,Angelique
467,Alina
468,Johanna
469,Regan
470,Janelle
471,Janae
472,Madyson
473,Paris
474,Justine
475,Chelsey
476,Sasha
477,Paulina
478,Mayra
479,Zaria
480,Skye
481,Cora
482,Brisa
483,Emilie
484,Felicia
485,Tianna
486,Larissa
487,Macie
488,Aurora
489,Sage
490,Lucia
491,Alma
492,Chasity
493,Ann
494,Deborah
495,Nichole
496,Jayden
497,Alanna
498,Malia
499,Carlie
500,Angie
501,Nora
502,Sylvia
503,Carrie
504,Kailee
505,Elaina
506,Sonia
507,Barbara
508,Kenya
509,Genevieve
510,Piper
511,Marilyn
512,Amari
513,Macey
514,Marlene
515,Julianne
516,Tayler
517,Brooklynn
518,Lorena
519,Perla
520,Elisa
521,Eden
522,Kaley
523,Leilani
524,Miracle
525,Devin
526,Aileen
527,Chyna
528,Esperanza
529,Athena
530,Regina
531,Adrienne
532,Shyanne
533,Luz
534,Tierra
535,Clare
536,Cristal
537,Eliana
538,Kelli
539,Eve
540,Sydnee
541,Madelynn
542,Breana
543,Melina
544,Arielle
545,Justice
546,Toni
547,Corinne
548,Abbigail
549,Maia
550,Tess
551,Ciera
552,Ebony
553,Lena
554,Maritza
555,Lexie
556,Isis
557,Aimee
558,Leticia
559,Sydni
560,Sarai
561,Halie
562,Alivia
563,Destiney
564,Laurel
565,Edith
566,Fernanda
567,Carina
568,Amya
569,Destini
570,Aspen
571,Nathalie
572,Paula
573,Tanya
574,Tina
575,Frances
576,Christian
577,Elaine
578,Shayna
579,Aniya
580,Mollie
581,Ryan
582,Essence
583,Simone
584,Kyleigh
585,Nikki
586,Anya
587,Reyna
588,Savanah
589,Kaylyn
590,Nicolette
591,Abbie
592,Montana
593,Kailyn
594,Itzel
595,Leila
596,Cayla
597,Stacy
598,Robin
599,Araceli
600,Candace
601,Dulce
602,Noemi
603,Aleah
604,Jewel
605,Ally
606,Mara
607,Nayeli
608,Karlee
609,Keely
610,Micaela
611,Alisa
612,Desirae
613,Leanna
614,Antonia
615,Judith
616,Brynn
617,Jaelyn
618,Raegan
619,Katelin
620,Sienna
621,Celia
622,Yvette
623,Juliet
624,Anika
625,Emilia
626,Calista
627,Carlee
628,Eileen
629,Kianna
630,Thalia
631,Rylie
632,Rosemary
633,Daphne
634,Kacie
635,Karli
636,Micah
637,Ericka
638,Jadyn
639,Lyndsey
640,Hana
641,Haylie
642,Madilyn
643,Blanca
644,Laila
645,Kayley
646,Katarina
647,Kellie
648,Maribel
649,Sandy
650,Joselyn
651,Kaelyn
652,Kathy
653,Madisen
654,Carson
655,Margarita
656,Stella
657,Juliette
658,Devon
659,Bria
660,Camila
661,Donna
662,Helena
663,Lea
664,Jazlyn
665,Jazmyn
666,Skyla
667,Christy
668,Joyce
669,Katharine
670,Karlie
671,Lexus
672,Alessandra
673,Salma
674,Delilah
675,Moriah
676,Beatriz
677,Celine
678,Lizeth
679,Brianne
680,Kourtney
681,Sydnie
682,Mariam
683,Stacey
684,Robyn
685,Hayden
686,Janessa
687,Kenzie
688,Jalyn
689,Sheila
690,Meaghan
691,Aisha
692,Shawna
693,Jaida
694,Estrella
695,Marley
696,Melinda
697,Ayana
698,Karly
699,Devyn
700,Nataly
701,Loren
702,Rosalinda
703,Brielle
704,Laney
705,Sally
706,Lizette
707,Tracy
708,Lilian
709,Rebeca
710,Chandler
711,Jenifer
712,Diane
713,Valentina
714,America
715,Candice
716,Abigayle
717,Susana
718,Aliya
719,Casandra
720,Harmony
721,Jacey
722,Alena
723,Aylin
724,Carol
725,Shea
726,Stephany
727,Aniyah
728,Zoie
729,Jackeline
730,Alia
731,Gwendolyn
732,Savana
733,Damaris
734,Violet
735,Marian
736,Anita
737,Jaime
738,Alexandrea
739,Dorothy
740,Jaiden
741,Kristine
742,Carli
743,Gretchen
744,Janice
745,Annette
746,Mariela
747,Amani
748,Maura
749,Bella
750,Kaylynn
751,Lila
752,Armani
753,Anissa
754,Aubree
755,Kelsi
756,Greta
757,Kaya
758,Kayli
759,Lillie
760,Willow
761,Ansley
762,Catalina
763,Lia
764,Maci
765,Mattie
766,Celina
767,Shyann
768,Alysa
769,Jaquelin
770,Quinn
771,Cecelia
772,Kallie
773,Kasandra
774,Chaya
775,Hailie
776,Haven
777,Maegan
778,Maeve
779,Rocio
780,Yolanda
781,Christa
782,Gabriel
783,Kari
784,Noelia
785,Jeanette
786,Kaylah
787,Marianna
788,Nya
789,Kennedi
790,Presley
791,Yadira
792,Elissa
793,Nyah
794,Shaina
795,Reilly
796,Alize
797,Amara
798,Arlene
799,Izabella
800,Lyric
801,Aiyana
802,Allyssa
803,Drew
804,Rachelle
805,Adeline
806,Jacklyn
807,Jesse
808,Citlalli
809,Giovanna
810,Liana
811,Brook
812,Graciela
813,Princess
814,Selina
815,Chanel
816,Elyse
817,Cali
818,Berenice
819,Iliana
820,Jolie
821,Annalise
822,Caitlynn
823,Christiana
824,Sarina
825,Cortney
826,Darlene
827,Dasia
828,London
829,Yvonne
830,Karley
831,Shaylee
832,Kristy
833,Myah
834,Ryleigh
835,Amira
836,Juanita
837,Dariana
838,Teagan
839,Kiarra
840,Ryann
841,Yamilet
842,Sheridan
843,Alexys
844,Baby
845,Kacey
846,Shakira
847,Dianna
848,Lara
849,Isabela
850,Reina
851,Shirley
852,Jaycee
853,Silvia
854,Tatianna
855,Eryn
856,Ingrid
857,Keara
858,Randi
859,Reanna
860,Kalyn
861,Lisette
862,Monserrat
863,Abril
864,Ivana
865,Lori
866,Darby
867,Kaela
868,Maranda
869,Parker
870,Darian
871,Jasmyn
872,Jaylin
873,Katia
874,Ayla
875,Bridgette
876,Elyssa
877,Hillary
878,Kinsey
879,Yazmin
880,Caleigh
881,Rita
882,Asha
883,Dayana
884,Nikita
885,Chantel
886,Reese
887,Stefanie
888,Nadine
889,Samara
890,Unique
891,Michele
892,Sonya
893,Hazel
894,Patience
895,Cielo
896,Mireya
897,Paloma
898,Aryanna
899,Magdalena
900,Anaya
901,Dallas
902,Joelle
903,Norma
904,Arely
905,Kaia
906,Misty
907,Taya
908,Deasia
909,Trisha
910,Elsa
911,Joana
912,Alysha
913,Aracely
914,Bryana
915,Dawn
916,Alex
917,Brionna
918,Katerina
919,Ali
920,Bonnie
921,Hadley
922,Martina
923,Maryam
924,Jazmyne
925,Shaniya
926,Alycia
927,Dejah
928,Emmalee
929,Estefania
930,Jakayla
931,Lilliana
932,Nyasia
933,Anjali
934,Daisha
935,Myra
936,Amiya
937,Belen
938,Jana
939,Aja
940,Saige
941,Annabel
942,Scarlett
943,Destany
944,Joanne
945,Aliza
946,Ashly
947,Cydney
948,Fabiola
949,Gia
950,Keira
951,Roxanne
952,Kaci
953,Abigale
954,Abagail
955,Janiya
956,Odalys
957,Aria
958,Daija
959,Delia
960,Kameron
961,Raina
962,Ashtyn
963,Dayna
964,Katy
965,Lourdes
966,Emerald
967,Kirstin
968,Marlee
969,Neha
970,Beatrice
971,Blair
972,Kori
973,Luisa
974,Yasmeen
975,Annamarie
976,Breonna
977,Jena
978,Leann
979,Rhianna
980,Yessenia
981,Breanne
982,Katlynn
983,Laisha
984,Mandy
985,Amina
986,Jailyn
987,Jayde
988,Jill
989,Kaylan
990,Kenna
991,Antoinette
992,Rayna
993,Sky
994,Iyana
995,Keeley
996,Kenia
997,Maiya
998,Melisa
999,Adrian
1000,Marlen
1,Olivia
2,Emma
3,Ava
4,Charlotte
5,Sophia
6,Amelia
7,Isabella
8,Mia
9,Evelyn
10,Harper
11,Camila
12,Gianna
13,Abigail
14,Luna
15,Ella
16,Elizabeth
17,Sofia
18,Emily
19,Avery
20,Mila
21,Scarlett
22,Eleanor
23,Madison
24,Layla
25,Penelope
26,Aria
27,Chloe
28,Grace
29,Ellie
30,Nora
31,Hazel
32,Zoey
33,Riley
34,Victoria
35,Lily
36,Aurora
37,Violet
38,Nova
39,Hannah
40,Emilia
41,Zoe
42,Stella
43,Everly
44,Isla
45,Leah
46,Lillian
47,Addison
48,Willow
49,Lucy
50,Paisley
51,Natalie
52,Naomi
53,Eliana
54,Brooklyn
55,Elena
56,Aubrey
57,Claire
58,Ivy
59,Kinsley
60,Audrey
61,Maya
62,Genesis
63,Skylar
64,Bella
65,Aaliyah
66,Madelyn
67,Savannah
68,Anna
69,Delilah
70,Serenity
71,Caroline
72,Kennedy
73,Valentina
74,Ruby
75,Sophie
76,Alice
77,Gabriella
78,Sadie
79,Ariana
80,Allison
81,Hailey
82,Autumn
83,Nevaeh
84,Natalia
85,Quinn
86,Josephine
87,Sarah
88,Cora
89,Emery
90,Samantha
91,Piper
92,Leilani
93,Eva
94,Everleigh
95,Madeline
96,Lydia
97,Jade
98,Peyton
99,Brielle
100,Adeline
101,Vivian
102,Rylee
103,Clara
104,Raelynn
105,Melanie
106,Melody
107,Julia
108,Athena
109,Maria
110,Liliana
111,Hadley
112,Arya
113,Rose
114,Reagan
115,Eliza
116,Adalynn
117,Kaylee
118,Lyla
119,Mackenzie
120,Alaia
121,Isabelle
122,Charlie
123,Arianna
124,Mary
125,Remi
126,Margaret
127,Iris
128,Parker
129,Ximena
130,Eden
131,Ayla
132,Kylie
133,Elliana
134,Josie
135,Katherine
136,Faith
137,Alexandra
138,Eloise
139,Adalyn
140,Amaya
141,Jasmine
142,Amara
143,Daisy
144,Reese
145,Valerie
146,Brianna
147,Cecilia
148,Andrea
149,Summer
150,Valeria
151,Norah
152,Ariella
153,Esther
154,Ashley
155,Emerson
156,Aubree
157,Isabel
158,Anastasia
159,Ryleigh
160,Khloe
161,Taylor
162,Londyn
163,Lucia
164,Emersyn
165,Callie
166,Sienna
167,Blakely
168,Kehlani
169,Genevieve
170,Alina
171,Bailey
172,Juniper
173,Maeve
174,Molly
175,Harmony
176,Georgia
177,Magnolia
178,Catalina
179,Freya
180,Juliette
181,Sloane
182,June
183,Sara
184,Ada
185,Kimberly
186,River
187,Ember
188,Juliana
189,Aliyah
190,Millie
191,Brynlee
192,Teagan
193,Morgan
194,Jordyn
195,London
196,Alaina
197,Olive
198,Rosalie
199,Alyssa
200,Ariel
201,Finley
202,Arabella
203,Journee
204,Hope
205,Leila
206,Alana
207,Gemma
208,Vanessa
209,Gracie
210,Noelle
211,Marley
212,Elise
213,Presley
214,Kamila
215,Zara
216,Amy
217,Kayla
218,Payton
219,Blake
220,Ruth
221,Alani
222,Annabelle
223,Sage
224,Aspen
225,Laila
226,Lila
227,Rachel
228,Trinity
229,Daniela
230,Alexa
231,Lilly
232,Lauren
233,Elsie
234,Margot
235,Adelyn
236,Zuri
237,Brooke
238,Sawyer
239,Lilah
240,Lola
241,Selena
242,Mya
243,Sydney
244,Diana
245,Ana
246,Vera
247,Alayna
248,Nyla
249,Elaina
250,Rebecca
251,Angela
252,Kali
253,Alivia
254,Raegan
255,Rowan
256,Phoebe
257,Camilla
258,Joanna
259,Malia
260,Vivienne
261,Dakota
262,Brooklynn
263,Evangeline
264,Camille
265,Jane
266,Nicole
267,Catherine
268,Jocelyn
269,Julianna
270,Lena
271,Lucille
272,Mckenna
273,Paige
274,Adelaide
275,Charlee
276,Mariana
277,Myla
278,Mckenzie
279,Tessa
280,Miriam
281,Oakley
282,Kailani
283,Alayah
284,Amira
285,Adaline
286,Phoenix
287,Milani
288,Annie
289,Lia
290,Angelina
291,Harley
292,Cali
293,Maggie
294,Hayden
295,Leia
296,Fiona
297,Briella
298,Journey
299,Lennon
300,Saylor
301,Jayla
302,Kaia
303,Thea
304,Adriana
305,Mariah
306,Juliet
307,Oaklynn
308,Kiara
309,Alexis
310,Haven
311,Aniyah
312,Delaney
313,Gracelynn
314,Kendall
315,Winter
316,Lilith
317,Logan
318,Amiyah
319,Evie
320,Alexandria
321,Gracelyn
322,Gabriela
323,Sutton
324,Harlow
325,Madilyn
326,Makayla
327,Evelynn
328,Gia
329,Nina
330,Amina
331,Giselle
332,Brynn
333,Blair
334,Amari
335,Octavia
336,Michelle
337,Talia
338,Demi
339,Alaya
340,Kaylani
341,Izabella
342,Fatima
343,Tatum
344,Makenzie
345,Lilliana
346,Arielle
347,Palmer
348,Melissa
349,Willa
350,Samara
351,Destiny
352,Dahlia
353,Celeste
354,Ainsley
355,Rylie
356,Reign
357,Laura
358,Adelynn
359,Gabrielle
360,Remington
361,Wren
362,Brinley
363,Amora
364,Lainey
365,Collins
366,Lexi
367,Aitana
368,Alessandra
369,Kenzie
370,Raelyn
371,Elle
372,Everlee
373,Haisley
374,Hallie
375,Wynter
376,Daleyza
377,Gwendolyn
378,Paislee
379,Ariyah
380,Veronica
381,Heidi
382,Anaya
383,Cataleya
384,Kira
385,Avianna
386,Felicity
387,Aylin
388,Miracle
389,Sabrina
390,Lana
391,Ophelia
392,Elianna
393,Royalty
394,Madeleine
395,Esmeralda
396,Joy
397,Kalani
398,Esme
399,Jessica
400,Leighton
401,Ariah
402,Makenna
403,Nylah
404,Viviana
405,Camryn
406,Cassidy
407,Dream
408,Luciana
409,Maisie
410,Stevie
411,Kate
412,Lyric
413,Daniella
414,Alicia
415,Daphne
416,Frances
417,Charli
418,Raven
419,Paris
420,Nayeli
421,Serena
422,Heaven
423,Bianca
424,Helen
425,Hattie
426,Averie
427,Mabel
428,Selah
429,Allie
430,Marlee
431,Kinley
432,Regina
433,Carmen
434,Jennifer
435,Jordan
436,Alison
437,Stephanie
438,Maren
439,Kayleigh
440,Angel
441,Annalise
442,Jacqueline
443,Braelynn
444,Emory
445,Rosemary
446,Scarlet
447,Amanda
448,Danielle
449,Emelia
450,Ryan
451,Carolina
452,Astrid
453,Kensley
454,Shiloh
455,Maci
456,Francesca
457,Rory
458,Celine
459,Kamryn
460,Zariah
461,Liana
462,Poppy
463,Maliyah
464,Keira
465,Skyler
466,Noa
467,Skye
468,Nadia
469,Addilyn
470,Rosie
471,Eve
472,Sarai
473,Edith
474,Jolene
475,Maddison
476,Meadow
477,Charleigh
478,Matilda
479,Elliott
480,Madelynn
481,Holly
482,Leona
483,Azalea
484,Katie
485,Mira
486,Ari
487,Kaitlyn
488,Danna
489,Cameron
490,Kyla
491,Bristol
492,Kora
493,Armani
494,Nia
495,Malani
496,Dylan
497,Remy
498,Maia
499,Dior
500,Legacy
501,Alessia
502,Shelby
503,Maryam
504,Sylvia
505,Yaretzi
506,Lorelei
507,Madilynn
508,Abby
509,Helena
510,Jimena
511,Elisa
512,Renata
513,Amber
514,Aviana
515,Carter
516,Emmy
517,Haley
518,Alondra
519,Elaine
520,Erin
521,April
522,Emely
523,Imani
524,Kennedi
525,Lorelai
526,Hanna
527,Kelsey
528,Aurelia
529,Colette
530,Jaliyah
531,Kylee
532,Macie
533,Aisha
534,Dorothy
535,Charley
536,Kathryn
537,Adelina
538,Adley
539,Monroe
540,Sierra
541,Ailani
542,Miranda
543,Mikayla
544,Alejandra
545,Amirah
546,Jada
547,Jazlyn
548,Jenna
549,Jayleen
550,Beatrice
551,Kendra
552,Lyra
553,Nola
554,Emberly
555,Mckinley
556,Myra
557,Katalina
558,Antonella
559,Zelda
560,Alanna
561,Amaia
562,Priscilla
563,Briar
564,Kaliyah
565,Itzel
566,Oaklyn
567,Alma
568,Mallory
569,Novah
570,Amalia
571,Fernanda
572,Alia
573,Angelica
574,Elliot
575,Justice
576,Mae
577,Cecelia
578,Gloria
579,Ariya
580,Virginia
581,Cheyenne
582,Aleah
583,Jemma
584,Henley
585,Meredith
586,Leyla
587,Lennox
588,Ensley
589,Zahra
590,Reina
591,Frankie
592,Lylah
593,Nalani
594,Reyna
595,Saige
596,Ivanna
597,Aleena
598,Emerie
599,Ivory
600,Leslie
601,Alora
602,Ashlyn
603,Bethany
604,Bonnie
605,Sasha
606,Xiomara
607,Salem
608,Adrianna
609,Dayana
610,Clementine
611,Karina
612,Karsyn
613,Emmie
614,Julie
615,Julieta
616,Briana
617,Carly
618,Macy
619,Marie
620,Oaklee
621,Christina
622,Malaysia
623,Ellis
624,Irene
625,Anne
626,Anahi
627,Mara
628,Rhea
629,Davina
630,Dallas
631,Jayda
632,Mariam
633,Skyla
634,Siena
635,Elora
636,Marilyn
637,Jazmin
638,Megan
639,Rosa
640,Savanna
641,Allyson
642,Milan
643,Coraline
644,Johanna
645,Melany
646,Chelsea
647,Michaela
648,Melina
649,Angie
650,Cassandra
651,Yara
652,Kassidy
653,Liberty
654,Lilian
655,Avah
656,Anya
657,Laney
658,Navy
659,Opal
660,Amani
661,Zaylee
662,Mina
663,Sloan
664,Romina
665,Ashlynn
666,Aliza
667,Liv
668,Malaya
669,Blaire
670,Janelle
671,Kara
672,Analia
673,Hadassah
674,Hayley
675,Karla
676,Chaya
677,Cadence
678,Kyra
679,Alena
680,Ellianna
681,Katelyn
682,Kimber
683,Laurel
684,Lina
685,Capri
686,Braelyn
687,Faye
688,Kamiyah
689,Kenna
690,Louise
691,Calliope
692,Kaydence
693,Nala
694,Tiana
695,Aileen
696,Sunny
697,Zariyah
698,Milana
699,Giuliana
700,Eileen
701,Elodie
702,Rayna
703,Monica
704,Galilea
705,Journi
706,Lara
707,Marina
708,Aliana
709,Harmoni
710,Jamie
711,Holland
712,Emmalyn
713,Lauryn
714,Chanel
715,Tinsley
716,Jessie
717,Lacey
718,Elyse
719,Janiyah
720,Jolie
721,Ezra
722,Marleigh
723,Roselyn
724,Lillie
725,Louisa
726,Madisyn
727,Penny
728,Kinslee
729,Treasure
730,Zaniyah
731,Estella
732,Jaylah
733,Khaleesi
734,Alexia
735,Dulce
736,Indie
737,Maxine
738,Waverly
739,Giovanna
740,Miley
741,Saoirse
742,Estrella
743,Greta
744,Rosalia
745,Mylah
746,Teresa
747,Bridget
748,Kelly
749,Adalee
750,Aubrie
751,Lea
752,Harlee
753,Anika
754,Itzayana
755,Hana
756,Kaisley
757,Mikaela
758,Naya
759,Avalynn
760,Margo
761,Sevyn
762,Florence
763,Keilani
764,Lyanna
765,Joelle
766,Kataleya
767,Royal
768,Averi
769,Kallie
770,Winnie
771,Baylee
772,Martha
773,Pearl
774,Alaiya
775,Rayne
776,Sylvie
777,Brylee
778,Jazmine
779,Ryann
780,Kori
781,Noemi
782,Haylee
783,Julissa
784,Celia
785,Laylah
786,Rebekah
787,Rosalee
788,Aya
789,Bria
790,Adele
791,Aubrielle
792,Tiffany
793,Addyson
794,Kai
795,Bellamy
796,Leilany
797,Princess
798,Chana
799,Estelle
800,Selene
801,Sky
802,Dani
803,Thalia
804,Ellen
805,Rivka
806,Amelie
807,Andi
808,Kynlee
809,Raina
810,Vienna
811,Alianna
812,Livia
813,Madalyn
814,Mercy
815,Novalee
816,Ramona
817,Vada
818,Berkley
819,Gwen
820,Persephone
821,Milena
822,Paula
823,Clare
824,Kairi
825,Linda
826,Paulina
827,Kamilah
828,Amoura
829,Hunter
830,Isabela
831,Karen
832,Marianna
833,Sariyah
834,Theodora
835,Annika
836,Kyleigh
837,Nellie
838,Scarlette
839,Keyla
840,Kailey
841,Mavis
842,Lilianna
843,Rosalyn
844,Sariah
845,Tori
846,Yareli
847,Aubriella
848,Bexley
849,Bailee
850,Jianna
851,Keily
852,Annabella
853,Azariah
854,Denisse
855,Promise
856,August
857,Hadlee
858,Halle
859,Fallon
860,Oakleigh
861,Zaria
862,Jaylin
863,Paisleigh
864,Crystal
865,Ila
866,Aliya
867,Cynthia
868,Giana
869,Maleah
870,Rylan
871,Aniya
872,Denise
873,Emmeline
874,Scout
875,Simone
876,Noah
877,Zora
878,Meghan
879,Landry
880,Ainhoa
881,Lilyana
882,Noor
883,Belen
884,Brynleigh
885,Cleo
886,Meilani
887,Karter
888,Amaris
889,Frida
890,Iliana
891,Violeta
892,Addisyn
893,Nancy
894,Denver
895,Leanna
896,Braylee
897,Kiana
898,Wrenley
899,Barbara
900,Khalani
901,Aspyn
902,Ellison
903,Judith
904,Robin
905,Valery
906,Aila
907,Deborah
908,Cara
909,Clarissa
910,Iyla
911,Lexie
912,Anais
913,Kaylie
914,Nathalie
915,Alisson
916,Della
917,Addilynn
918,Elsa
919,Zoya
920,Layne
921,Marlowe
922,Jovie
923,Kenia
924,Samira
925,Jaylee
926,Jenesis
927,Etta
928,Shay
929,Amayah
930,Avayah
931,Egypt
932,Flora
933,Raquel
934,Whitney
935,Zola
936,Giavanna
937,Raya
938,Veda
939,Halo
940,Paloma
941,Nataly
942,Whitley
943,Dalary
944,Drew
945,Guadalupe
946,Kamari
947,Esperanza
948,Loretta
949,Malayah
950,Natasha
951,Stormi
952,Ansley
953,Carolyn
954,Corinne
955,Paola
956,Brittany
957,Emerald
958,Freyja
959,Zainab
960,Artemis
961,Jillian
962,Kimora
963,Zoie
964,Aislinn
965,Emmaline
966,Ayleen
967,Queen
968,Jaycee
969,Murphy
970,Nyomi
971,Elina
972,Hadleigh
973,Marceline
974,Marisol
975,Yasmin
976,Zendaya
977,Chandler
978,Emani
979,Jaelynn
980,Kaiya
981,Nathalia
982,Violette
983,Joyce
984,Paityn
985,Elisabeth
986,Emmalynn
987,Luella
988,Yamileth
989,Aarya
990,Luisa
991,Zhuri
992,Araceli
993,Harleigh
994,Madalynn
995,Melani
996,Laylani
997,Magdalena
998,Mazikeen
999,Belle
1000,Kadence