1,Liam
2,Noah
3,Oliver
4,Elijah
5,William
6,James
7,Benjamin
8,Lucas
9,Henry
10,Alexander
11,Mason
12,Michael
13,Ethan
14,Daniel
15,Jacob
16,Logan
17,Jackson
18,Levi
19,Sebastian
20,Mateo
21,Jack
22,Owen
23,Theodore
24,Aiden
25,Samuel
26,Joseph
27,John
28,David
29,Wyatt
30,Matthew
31,Luke
32,Asher
33,Carter
34,Julian
35,Grayson
36,Leo
37,Jayden
38,Gabriel
39,Isaac
40,Lincoln
41,Anthony
42,Hudson
43,Dylan
44,Ezra
45,Thomas
46,Charles
47,Christopher
48,Jaxon
49,Maverick
50,Josiah
51,Isaiah
52,Andrew
53,Elias
54,Joshua
55,Nathan
56,Caleb
57,Ryan
58,Adrian
59,Miles
60,Eli
61,Nolan
62,Christian
63,Aaron
64,Cameron
65,Ezekiel
66,Colton
67,Luca
68,Landon
69,Hunter
70,Jonathan
71,Santiago
72,Axel
73,Easton
74,Cooper
75,Jeremiah
76,Angel
77,Roman
78,Connor
79,Jameson
80,Robert
81,Greyson
82,Jordan
83,Ian
84,Carson
85,Jaxson
86,Leonardo
87,Nicholas
88,Dominic
89,Austin
90,Everett
91,Brooks
92,Xavier
93,Kai
94,Jose
95,Parker
96,Adam
97,Jace
98,Wesley
99,Kayden
100,Silas
101,Bennett
102,Declan
103,Waylon
104,Weston
105,Evan
106,Emmett
107,Micah
108,Ryder
109,Beau
110,Damian
111,Brayden
112,Gael
113,Rowan
114,Harrison
115,Bryson
116,Sawyer
117,Amir
118,Kingston
119,Jason
120,Giovanni
121,Vincent
122,Ayden
123,Chase
124,Myles
125,Diego
126,Nathaniel
127,Legend
128,Jonah
129,River
130,Tyler
131,Cole
132,Braxton
133,George
134,Milo
135,Zachary
136,Ashton
137,Luis
138,Jasper
139,Kaiden
140,Adriel
141,Gavin
142,Bentley
143,Calvin
144,Zion
145,Juan
146,Maxwell
147,Max
148,Ryker
149,Carlos
150,Emmanuel
151,Jayce
152,Lorenzo
153,Ivan
154,Jude
155,August
156,Kevin
157,Malachi
158,Elliott
159,Rhett
160,Archer
161,Karter
162,Arthur
163,Luka
164,Elliot
165,Thiago
166,Brandon
167,Camden
168,Justin
169,Jesus
170,Maddox
171,King
172,Theo
173,Enzo
174,Matteo
175,Emiliano
176,Dean
177,Hayden
178,Finn
179,Brody
180,Antonio
181,Abel
182,Alex
183,Tristan
184,Graham
185,Zayden
186,Judah
187,Xander
188,Miguel
189,Atlas
190,Messiah
191,Barrett
192,Tucker
193,Timothy
194,Alan
195,Edward
196,Leon
197,Dawson
198,Eric
199,Ace
200,Victor
201,Abraham
202,Nicolas
203,Jesse
204,Charlie
205,Patrick
206,Walker
207,Joel
208,Richard
209,Beckett
210,Blake
211,Alejandro
212,Avery
213,Grant
214,Peter
215,Oscar
216,Matias
217,Amari
218,Lukas
219,Andres
220,Arlo
221,Colt
222,Adonis
223,Kyrie
224,Steven
225,Felix
226,Preston
227,Marcus
228,Holden
229,Emilio
230,Remington
231,Jeremy
232,Kaleb
233,Brantley
234,Bryce
235,Mark
236,Knox
237,Israel
238,Phoenix
239,Kobe
240,Nash
241,Griffin
242,Caden
243,Kenneth
244,Kyler
245,Hayes
246,Jax
247,Rafael
248,Beckham
249,Javier
250,Maximus
251,Simon
252,Paul
253,Omar
254,Kaden
255,Kash
256,Lane
257,Bryan
258,Riley
259,Zane
260,Louis
261,Aidan
262,Paxton
263,Maximiliano
264,Karson
265,Cash
266,Cayden
267,Emerson
268,Tobias
269,Ronan
270,Brian
271,Dallas
272,Bradley
273,Jorge
274,Walter
275,Josue
276,Khalil
277,Damien
278,Jett
279,Kairo
280,Zander
281,Andre
282,Cohen
283,Crew
284,Hendrix
285,Colin
286,Chance
287,Malakai
288,Clayton
289,Daxton
290,Malcolm
291,Lennox
292,Martin
293,Jaden
294,Kayson
295,Bodhi
296,Francisco
297,Cody
298,Erick
299,Kameron
300,Atticus
301,Dante
302,Jensen
303,Cruz
304,Finley
305,Brady
306,Joaquin
307,Anderson
308,Gunner
309,Muhammad
310,Zayn
311,Derek
312,Raymond
313,Kyle
314,Angelo
315,Reid
316,Spencer
317,Nico
318,Jaylen
319,Jake
320,Prince
321,Manuel
322,Ali
323,Gideon
324,Stephen
325,Ellis
326,Orion
327,Rylan
328,Eduardo
329,Mario
330,Rory
331,Cristian
332,Odin
333,Tanner
334,Julius
335,Callum
336,Sean
337,Kane
338,Ricardo
339,Travis
340,Wade
341,Warren
342,Fernando
343,Titus
344,Leonel
345,Edwin
346,Cairo
347,Corbin
348,Dakota
349,Ismael
350,Colson
351,Killian
352,Major
353,Tate
354,Gianni
355,Elian
356,Remy
357,Lawson
358,Niko
359,Nasir
360,Kade
361,Armani
362,Ezequiel
363,Marshall
364,Hector
365,Desmond
366,Kason
367,Garrett
368,Jared
369,Cyrus
370,Russell
371,Cesar
372,Tyson
373,Malik
374,Donovan
375,Jaxton
376,Cade
377,Romeo
378,Nehemiah
379,Sergio
380,Iker
381,Caiden
382,Jay
383,Pablo
384,Devin
385,Jeffrey
386,Otto
387,Kamari
388,Ronin
389,Johnny
390,Clark
391,Ari
392,Marco
393,Edgar
394,Bowen
395,Jaiden
396,Grady
397,Zayne
398,Sullivan
399,Jayceon
400,Sterling
401,Andy
402,Conor
403,Raiden
404,Royal
405,Royce
406,Solomon
407,Trevor
408,Winston
409,Emanuel
410,Finnegan
411,Pedro
412,Luciano
413,Harvey
414,Franklin
415,Noel
416,Troy
417,Princeton
418,Johnathan
419,Erik
420,Fabian
421,Oakley
422,Rhys
423,Porter
424,Hugo
425,Frank
426,Damon
427,Kendrick
428,Mathias
429,Milan
430,Peyton
431,Wilder
432,Callan
433,Gregory
434,Seth
435,Matthias
436,Briggs
437,Ibrahim
438,Roberto
439,Conner
440,Quinn
441,Kashton
442,Sage
443,Santino
444,Kolton
445,Alijah
446,Dominick
447,Zyaire
448,Apollo
449,Kylo
450,Reed
451,Philip
452,Kian
453,Shawn
454,Kaison
455,Leonidas
456,Ayaan
457,Lucca
458,Memphis
459,Ford
460,Baylor
461,Kyson
462,Uriel
463,Allen
464,Collin
465,Ruben
466,Archie
467,Dalton
468,Esteban
469,Adan
470,Forrest
471,Alonzo
472,Isaias
473,Leland
474,Jase
475,Dax
476,Kasen
477,Gage
478,Kamden
479,Marcos
480,Jamison
481,Francis
482,Hank
483,Alexis
484,Tripp
485,Frederick
486,Jonas
487,Stetson
488,Cassius
489,Izaiah
490,Eden
491,Maximilian
492,Rocco
493,Tatum
494,Keegan
495,Aziel
496,Moses
497,Bruce
498,Lewis
499,Braylen
500,Omari
501,Mack
502,Augustus
503,Enrique
504,Armando
505,Pierce
506,Moises
507,Asa
508,Shane
509,Emmitt
510,Soren
511,Dorian
512,Keanu
513,Zaiden
514,Raphael
515,Deacon
516,Abdiel
517,Kieran
518,Phillip
519,Ryland
520,Zachariah
521,Casey
522,Zaire
523,Albert
524,Baker
525,Corey
526,Kylan
527,Denver
528,Gunnar
529,Jayson
530,Drew
531,Callen
532,Jasiah
533,Drake
534,Kannon
535,Braylon
536,Sonny
537,Bo
538,Moshe
539,Huxley
540,Quentin
541,Rowen
542,Santana
543,Cannon
544,Kenzo
545,Wells
546,Julio
547,Nikolai
548,Conrad
549,Jalen
550,Makai
551,Benson
552,Derrick
553,Gerardo
554,Davis
555,Abram
556,Mohamed
557,Ronald
558,Raul
559,Arjun
560,Dexter
561,Kaysen
562,Jaime
563,Scott
564,Lawrence
565,Ariel
566,Skyler
567,Danny
568,Roland
569,Chandler
570,Yusuf
571,Samson
572,Case
573,Zain
574,Roy
575,Rodrigo
576,Sutton
577,Boone
578,Saint
579,Saul
580,Jaziel
581,Hezekiah
582,Alec
583,Arturo
584,Jamari
585,Jaxtyn
586,Julien
587,Koa
588,Reece
589,Landen
590,Koda
591,Darius
592,Sylas
593,Ares
594,Kyree
595,Boston
596,Keith
597,Taylor
598,Johan
599,Edison
600,Sincere
601,Watson
602,Jerry
603,Nikolas
604,Quincy
605,Shepherd
606,Brycen
607,Marvin
608,Dariel
609,Axton
610,Donald
611,Bodie
612,Finnley
613,Onyx
614,Rayan
615,Raylan
616,Brixton
617,Colby
618,Shiloh
619,Valentino
620,Layton
621,Trenton
622,Landyn
623,Alessandro
624,Ahmad
625,Gustavo
626,Ledger
627,Ridge
628,Ander
629,Ahmed
630,Kingsley
631,Issac
632,Mauricio
633,Tony
634,Leonard
635,Mohammed
636,Uriah
637,Duke
638,Kareem
639,Lucian
640,Marcelo
641,Aarav
642,Leandro
643,Reign
644,Clay
645,Kohen
646,Dennis
647,Samir
648,Ermias
649,Otis
650,Emir
651,Nixon
652,Ty
653,Sam
654,Fletcher
655,Wilson
656,Dustin
657,Hamza
658,Bryant
659,Flynn
660,Lionel
661,Mohammad
662,Cason
663,Jamir
664,Aden
665,Dakari
666,Justice
667,Dillon
668,Layne
669,Zaid
670,Alden
671,Nelson
672,Devon
673,Titan
674,Chris
675,Khari
676,Zeke
677,Noe
678,Alberto
679,Roger
680,Brock
681,Rex
682,Quinton
683,Alvin
684,Cullen
685,Azariah
686,Harlan
687,Kellan
688,Lennon
689,Marcel
690,Keaton
691,Morgan
692,Ricky
693,Trey
694,Karsyn
695,Langston
696,Miller
697,Chaim
698,Salvador
699,Amias
700,Tadeo
701,Curtis
702,Lachlan
703,Amos
704,Anakin
705,Krew
706,Tomas
707,Jefferson
708,Yosef
709,Bruno
710,Korbin
711,Augustine
712,Cayson
713,Mathew
714,Vihaan
715,Jamie
716,Clyde
717,Brendan
718,Jagger
719,Carmelo
720,Harry
721,Nathanael
722,Mitchell
723,Darren
724,Ray
725,Jedidiah
726,Jimmy
727,Lochlan
728,Bellamy
729,Eddie
730,Rayden
731,Reese
732,Stanley
733,Joe
734,Houston
735,Douglas
736,Vincenzo
737,Casen
738,Emery
739,Joziah
740,Leighton
741,Marcellus
742,Atreus
743,Aron
744,Hugh
745,Musa
746,Tommy
747,Alfredo
748,Junior
749,Neil
750,Westley
751,Banks
752,Eliel
753,Melvin
754,Maximo
755,Briar
756,Colten
757,Lance
758,Nova
759,Trace
760,Axl
761,Ramon
762,Vicente
763,Brennan
764,Caspian
765,Remi
766,Deandre
767,Legacy
768,Lee
769,Valentin
770,Ben
771,Louie
772,Westin
773,Wayne
774,Benicio
775,Grey
776,Zayd
777,Gatlin
778,Mekhi
779,Orlando
780,Bjorn
781,Harley
782,Alonso
783,Rio
784,Aldo
785,Byron
786,Eliseo
787,Ernesto
788,Talon
789,Thaddeus
790,Brecken
791,Kace
792,Kellen
793,Enoch
794,Kiaan
795,Lian
796,Creed
797,Rohan
798,Callahan
799,Jaxxon
800,Ocean
801,Crosby
802,Dash
803,Gary
804,Mylo
805,Ira
806,Magnus
807,Salem
808,Abdullah
809,Kye
810,Tru
811,Forest
812,Jon
813,Misael
814,Madden
815,Braden
816,Carl
817,Hassan
818,Emory
819,Kristian
820,Alaric
821,Ambrose
822,Dario
823,Allan
824,Bode
825,Boden
826,Juelz
827,Kristopher
828,Genesis
829,Idris
830,Ameer
831,Anders
832,Darian
833,Kase
834,Aryan
835,Dane
836,Guillermo
837,Elisha
838,Jakobe
839,Thatcher
840,Eugene
841,Ishaan
842,Larry
843,Wesson
844,Yehuda
845,Alvaro
846,Bobby
847,Bronson
848,Dilan
849,Kole
850,Kyro
851,Tristen
852,Blaze
853,Brayan
854,Jadiel
855,Kamryn
856,Demetrius
857,Maurice
858,Arian
859,Kabir
860,Rocky
861,Rudy
862,Randy
863,Rodney
864,Yousef
865,Felipe
866,Robin
867,Aydin
868,Dior
869,Kaiser
870,Van
871,Brodie
872,London
873,Eithan
874,Stefan
875,Ulises
876,Camilo
877,Branson
878,Jakari
879,Judson
880,Yahir
881,Zavier
882,Damari
883,Jakob
884,Jaxx
885,Bentlee
886,Cain
887,Niklaus
888,Rey
889,Zahir
890,Aries
891,Blaine
892,Kyng
893,Castiel
894,Henrik
895,Joey
896,Khalid
897,Bear
898,Graysen
899,Jair
900,Kylen
901,Darwin
902,Alfred
903,Ayan
904,Kenji
905,Zakai
906,Avi
907,Cory
908,Fisher
909,Jacoby
910,Osiris
911,Harlem
912,Jamal
913,Santos
914,Wallace
915,Brett
916,Fox
917,Leif
918,Maison
919,Reuben
920,Adler
921,Zev
922,Calum
923,Kelvin
924,Zechariah
925,Bridger
926,Mccoy
927,Seven
928,Shepard
929,Azrael
930,Leroy
931,Terry
932,Harold
933,Mac
934,Mordechai
935,Ahmir
936,Cal
937,Franco
938,Trent
939,Blaise
940,Coen
941,Dominik
942,Marley
943,Davion
944,Jeremias
945,Riggs
946,Jones
947,Will
948,Damir
949,Dangelo
950,Canaan
951,Dion
952,Jabari
953,Landry
954,Salvatore
955,Kody
956,Hakeem
957,Truett
958,Gerald
959,Lyric
960,Gordon
961,Jovanni
962,Kamdyn
963,Alistair
964,Cillian
965,Foster
966,Terrance
967,Murphy
968,Zyair
969,Cedric
970,Rome
971,Abner
972,Colter
973,Dayton
974,Jad
975,Xzavier
976,Rene
977,Vance
978,Duncan
979,Frankie
980,Bishop
981,Davian
982,Everest
983,Heath
984,Jaxen
985,Marlon
986,Maxton
987,Reginald
988,Harris
989,Jericho
990,Keenan
991,Korbyn
992,Wes
993,Eliezer
994,Jeffery
995,Kalel
996,Kylian
997,Turner
998,Willie
999,Rogelio
1000,Ephraim
1,Jacob
2,Michael
3,Matthew
4,Joshua
5,Christopher
6,Nicholas
7,Andrew
8,Joseph
9,Daniel
10,Tyler
11,William
12,Brandon
13,Ryan
14,John
15,Zachary
16,David
17,Anthony
18,James
19,Justin
20,Alexander
21,Jonathan
22,Christian
23,Austin
24,Dylan
25,Ethan
26,Benjamin
27,Noah
28,Samuel
29,Robert
30,Nathan
31,Cameron
32,Kevin
33,Thomas
34,Jose
35,Hunter
36,Jordan
37,Kyle
38,Caleb
39,Jason
40,Logan
41,Aaron
42,Eric
43,Brian
44,Gabriel
45,Adam
46,Jack
47,Isaiah
48,Juan
49,Luis
50,Connor
51,Charles
52,Elijah
53,Isaac
54,Steven
55,Evan
56,Jared
57,Sean
58,Timothy
59,Luke
60,Cody
61,Nathaniel
62,Alex
63,Seth
64,Mason
65,Richard
66,Carlos
67,Angel
68,Patrick
69,Devin
70,Bryan
71,Cole
72,Jackson
73,Ian
74,Garrett
75,Trevor
76,Jesus
77,Chase
78,Adrian
79,Mark
80,Blake
81,Sebastian
82,Antonio
83,Lucas
84,Jeremy
85,Gavin
86,Miguel
87,Julian
88,Dakota
89,Alejandro
90,Jesse
91,Dalton
92,Bryce
93,Tanner
94,Kenneth
95,Stephen
96,Jake
97,Victor
98,Spencer
99,Marcus
100,Paul
101,Brendan
102,Jeremiah
103,Xavier
104,Jeffrey
105,Tristan
106,Jalen
107,Jorge
108,Edward
109,Riley
110,Colton
111,Wyatt
112,Joel
113,Maxwell
114,Aidan
115,Travis
116,Shane
117,Colin
118,Dominic
119,Carson
120,Vincent
121,Derek
122,Oscar
123,Grant
124,Eduardo
125,Peter
126,Henry
127,Parker
128,Collin
129,Hayden
130,George
131,Bradley
132,Mitchell
133,Devon
134,Ricardo
135,Shawn
136,Taylor
137,Nicolas
138,Gregory
139,Francisco
140,Liam
141,Kaleb
142,Preston
143,Erik
144,Alexis
145,Owen
146,Omar
147,Diego
148,Dustin
149,Corey
150,Fernando
151,Clayton
152,Carter
153,Ivan
154,Jaden
155,Javier
156,Alec
157,Johnathan
158,Scott
159,Manuel
160,Cristian
161,Alan
162,Raymond
163,Brett
164,Max
165,Andres
166,Gage
167,Mario
168,Dawson
169,Dillon
170,Cesar
171,Wesley
172,Levi
173,Jakob
174,Chandler
175,Martin
176,Malik
177,Edgar
178,Sergio
179,Trenton
180,Josiah
181,Nolan
182,Marco
183,Peyton
184,Harrison
185,Hector
186,Micah
187,Roberto
188,Drew
189,Brady
190,Erick
191,Conner
192,Jonah
193,Casey
194,Jayden
195,Edwin
196,Emmanuel
197,Andre
198,Phillip
199,Brayden
200,Landon
201,Giovanni
202,Bailey
203,Ronald
204,Braden
205,Damian
206,Donovan
207,Ruben
208,Frank
209,Gerardo
210,Pedro
211,Andy
212,Chance
213,Abraham
214,Calvin
215,Trey
216,Cade
217,Donald
218,Derrick
219,Payton
220,Darius
221,Enrique
222,Keith
223,Raul
224,Jaylen
225,Troy
226,Jonathon
227,Cory
228,Marc
229,Eli
230,Skyler
231,Rafael
232,Trent
233,Griffin
234,Colby
235,Johnny
236,Chad
237,Armando
238,Kobe
239,Caden
240,Marcos
241,Cooper
242,Elias
243,Brenden
244,Israel
245,Avery
246,Zane
247,Dante
248,Josue
249,Zackary
250,Allen
251,Mathew
252,Dennis
253,Leonardo
254,Ashton
255,Philip
256,Julio
257,Miles
258,Damien
259,Ty
260,Gustavo
261,Drake
262,Jaime
263,Simon
264,Jerry
265,Curtis
266,Kameron
267,Lance
268,Brock
269,Bryson
270,Alberto
271,Dominick
272,Jimmy
273,Kaden
274,Douglas
275,Gary
276,Brennan
277,Zachery
278,Randy
279,Louis
280,Larry
281,Nickolas
282,Albert
283,Tony
284,Fabian
285,Keegan
286,Saul
287,Danny
288,Tucker
289,Myles
290,Damon
291,Arturo
292,Corbin
293,Deandre
294,Ricky
295,Kristopher
296,Lane
297,Pablo
298,Darren
299,Jarrett
300,Zion
301,Alfredo
302,Micheal
303,Angelo
304,Carl
305,Oliver
306,Kyler
307,Tommy
308,Walter
309,Dallas
310,Jace
311,Quinn
312,Theodore
313,Grayson
314,Lorenzo
315,Joe
316,Arthur
317,Bryant
318,Roman
319,Brent
320,Russell
321,Ramon
322,Lawrence
323,Moises
324,Aiden
325,Quentin
326,Jay
327,Tyrese
328,Tristen
329,Emanuel
330,Salvador
331,Terry
332,Morgan
333,Jeffery
334,Esteban
335,Tyson
336,Braxton
337,Branden
338,Marvin
339,Brody
340,Craig
341,Ismael
342,Rodney
343,Isiah
344,Marshall
345,Maurice
346,Ernesto
347,Emilio
348,Brendon
349,Kody
350,Eddie
351,Malachi
352,Abel
353,Keaton
354,Jon
355,Shaun
356,Skylar
357,Ezekiel
358,Nikolas
359,Santiago
360,Kendall
361,Axel
362,Camden
363,Trevon
364,Bobby
365,Conor
366,Jamal
367,Lukas
368,Malcolm
369,Zackery
370,Jayson
371,Javon
372,Roger
373,Reginald
374,Zachariah
375,Desmond
376,Felix
377,Johnathon
378,Dean
379,Quinton
380,Ali
381,Davis
382,Gerald
383,Rodrigo
384,Demetrius
385,Billy
386,Rene
387,Reece
388,Kelvin
389,Leo
390,Justice
391,Chris
392,Guillermo
393,Kevon
394,Steve
395,Frederick
396,Clay
397,Weston
398,Dorian
399,Hugo
400,Roy
401,Orlando
402,Terrance
403,Kai
404,Khalil
405,Graham
406,Noel
407,Willie
408,Nathanael
409,Terrell
410,Tyrone
411,Camron
412,Mauricio
413,Amir
414,Nelson
415,Darian
416,Jarod
417,Kade
418,Reese
419,Kristian
420,Garret
421,Rodolfo
422,Marquis
423,Dane
424,Felipe
425,Todd
426,Elian
427,Walker
428,Mateo
429,Jaylon
430,Kenny
431,Ezra
432,Bruce
433,Damion
434,Ross
435,Francis
436,Tate
437,Reid
438,Warren
439,Byron
440,Randall
441,Bennett
442,Jermaine
443,Triston
444,Harley
445,Jaquan
446,Jessie
447,Duncan
448,Franklin
449,Reed
450,Charlie
451,Blaine
452,Braeden
453,Holden
454,Ahmad
455,Issac
456,Melvin
457,Moses
458,Kendrick
459,Sawyer
460,Solomon
461,Sam
462,Alvin
463,Cedric
464,Jaylin
465,Jordon
466,Mohammad
467,Beau
468,Elliot
469,Lee
470,Darrell
471,Jarred
472,Mohamed
473,Davion
474,Wade
475,Tomas
476,Uriel
477,Jaxon
478,Deven
479,Maximilian
480,Gilberto
481,Rogelio
482,Ronnie
483,Julius
484,Allan
485,Joey
486,Brayan
487,Deshawn
488,Terrence
489,Noe
490,Alfonso
491,Ahmed
492,Tyree
493,Tyrell
494,Jerome
495,Devan
496,Neil
497,Ramiro
498,Pierce
499,Davon
500,Devonte
501,Leon
502,Jamie
503,Adan
504,Eugene
505,Stanley
506,Wayne
507,Marlon
508,Leonard
509,Quincy
510,Will
511,Alvaro
512,Ernest
513,Harry
514,Jonas
515,Addison
516,Ray
517,Alonzo
518,Jadon
519,Keyshawn
520,Rolando
521,Mohammed
522,Tristin
523,Donte
524,Leonel
525,Dominique
526,Wilson
527,Gilbert
528,Kieran
529,Coby
530,Dangelo
531,Colten
532,Keenan
533,Koby
534,Jarrod
535,Dale
536,Toby
537,Dwayne
538,Harold
539,Elliott
540,Osvaldo
541,Cyrus
542,Kolby
543,Sage
544,Coleman
545,Declan
546,Adolfo
547,Ariel
548,Brennen
549,Darryl
550,Trace
551,Efrain
552,Orion
553,Rudy
554,Shamar
555,Keshawn
556,Ulises
557,Darien
558,Braydon
559,Ben
560,Vicente
561,Nasir
562,Dayton
563,Joaquin
564,Karl
565,Dandre
566,Isaias
567,Cullen
568,Rylan
569,Sterling
570,Quintin
571,Stefan
572,Brice
573,Lewis
574,Gunnar
575,Humberto
576,Alfred
577,Nigel
578,Asher
579,Agustin
580,Daquan
581,Easton
582,Salvatore
583,Jaron
584,Nathanial
585,Ralph
586,Everett
587,Tobias
588,Hudson
589,Marquise
590,Glenn
591,Antoine
592,Jasper
593,Elvis
594,Kane
595,Sidney
596,Aron
597,Ezequiel
598,Tylor
599,Dashawn
600,Devyn
601,Mike
602,Silas
603,Jaiden
604,Jayce
605,Deonte
606,Romeo
607,Deon
608,Cristopher
609,Freddy
610,Kurt
611,Kolton
612,River
613,August
614,Clarence
615,Roderick
616,Derick
617,Jamar
618,Raphael
619,Kareem
620,Muhammad
621,Rohan
622,Demarcus
623,Sheldon
624,Cayden
625,Markus
626,Luca
627,Tre
628,Jean
629,Titus
630,Jamison
631,Rory
632,Brad
633,Clinton
634,Jaylan
635,Emiliano
636,Jevon
637,Julien
638,Lamar
639,Alonso
640,Cordell
641,Gordon
642,Ignacio
643,Cruz
644,Jett
645,Keon
646,Baby
647,Rashad
648,Tariq
649,Armani
650,Milton
651,Deangelo
652,Geoffrey
653,Elisha
654,Moshe
655,Asa
656,Bernard
657,Bret
658,Darion
659,Darnell
660,Izaiah
661,Irvin
662,Jairo
663,Howard
664,Aldo
665,Norman
666,Zechariah
667,Ayden
668,Garrison
669,Stuart
670,Travon
671,Kellen
672,Shemar
673,Dillan
674,Junior
675,Darrius
676,Rhett
677,Barry
678,Kamron
679,Jude
680,Rigoberto
681,Amari
682,Jovan
683,Perry
684,Octavio
685,Kole
686,Misael
687,Hassan
688,Jaren
689,Latrell
690,Roland
691,Quinten
692,German
693,Ibrahim
694,Justus
695,Gonzalo
696,Nehemiah
697,Forrest
698,Mackenzie
699,Talon
700,Anton
701,Chaz
702,Leroy
703,Guadalupe
704,Winston
705,Antwan
706,Austen
707,Brooks
708,Conrad
709,Greyson
710,Dion
711,Lincoln
712,Earl
713,Jaydon
714,Landen
715,Gunner
716,Brenton
717,Jefferson
718,Fredrick
719,Kurtis
720,Maximillian
721,Stephan
722,Stone
723,Shannon
724,Shayne
725,Stephon
726,Karson
727,Nestor
728,Tristian
729,Frankie
730,Gianni
731,Keagan
732,Dimitri
733,Kory
734,Zakary
735,Daryl
736,Donavan
737,Draven
738,Jameson
739,Clifton
740,Emmett
741,Cortez
742,Destin
743,Jamari
744,Dallin
745,Estevan
746,Grady
747,Davin
748,Santos
749,Marcel
750,Carlton
751,Dylon
752,Mitchel
753,Clifford
754,Syed
755,Dexter
756,Adonis
757,Keyon
758,Reynaldo
759,Devante
760,Arnold
761,Clark
762,Kasey
763,Sammy
764,Thaddeus
765,Glen
766,Jarvis
767,Nick
768,Ulysses
769,Garett
770,Infant
771,Keanu
772,Kenyon
773,Dwight
774,Kent
775,Denzel
776,Lamont
777,Houston
778,Layne
779,Darin
780,Jorden
781,Anderson
782,Kayden
783,Khalid
784,Antony
785,Deondre
786,Ellis
787,Marquez
788,Ari
789,Cornelius
790,Reuben
791,Austyn
792,Brycen
793,Abram
794,Remington
795,Braedon
796,Hamza
797,Ryder
798,Zaire
799,Terence
800,Guy
801,Jamel
802,Kelly
803,Porter
804,Tevin
805,Alexandro
806,Dario
807,Jordy
808,Trever
809,Jackie
810,Judah
811,Keven
812,Raymundo
813,Cristobal
814,Josef
815,Paris
816,Colt
817,Giancarlo
818,Rahul
819,Savion
820,Deshaun
821,Josh
822,Korey
823,Gerard
824,Jacoby
825,Lonnie
826,Reilly
827,Seamus
828,Don
829,Giovanny
830,Jamil
831,Kristofer
832,Samir
833,Vernon
834,Benny
835,Dominik
836,Finn
837,Jan
838,Kaiden
839,Cale
840,Irving
841,Jaxson
842,Marcelo
843,Nico
844,Rashawn
845,Aubrey
846,Gaven
847,Jabari
848,Sincere
849,Kirk
850,Maximus
851,Mikel
852,Davonte
853,Elmer
854,Heath
855,Justyn
856,Kadin
857,Alden
858,Kelton
859,Brandan
860,Courtney
861,Camren
862,Dewayne
863,Duane
864,Maverick
865,Darrin
866,Darrion
867,Nikhil
868,Sonny
869,Abdullah
870,Chaim
871,Nathen
872,Xzavier
873,Bronson
874,Efren
875,Jovani
876,Phoenix
877,Reagan
878,Aden
879,Blaze
880,Gideon
881,Luciano
882,Royce
883,Tyrek
884,Tyshawn
885,Deontae
886,Fidel
887,Gaige
888,Neal
889,Ronaldo
890,Matteo
891,Prince
892,Rickey
893,Deion
894,Denver
895,Benito
896,London
897,Samson
898,Bernardo
899,Raven
900,Simeon
901,Turner
902,Carlo
903,Gino
904,Johan
905,Rocky
906,Ryley
907,Domenic
908,Hugh
909,Trystan
910,Emerson
911,Joan
912,Trevion
913,Heriberto
914,Marques
915,Raheem
916,Tyreek
917,Vaughn
918,Clint
919,Nash
920,Mariano
921,Myron
922,Ladarius
923,Lloyd
924,Omari
925,Pierre
926,Keshaun
927,Rick
928,Xander
929,Amos
930,Eliseo
931,Jeff
932,Bradly
933,Freddie
934,Kavon
935,Mekhi
936,Sabastian
937,Shea
938,Dan
939,Adrien
940,Alessandro
941,Blaise
942,Isai
943,Kian
944,Maximiliano
945,Paxton
946,Rasheed
947,Brodie
948,Donnie
949,Isidro
950,Jaeden
951,Javion
952,Jimmie
953,Johnnie
954,Kennedy
955,Tyrique
956,Andreas
957,Augustus
958,Jalon
959,Jamir
960,Valentin
961,Korbin
962,Lawson
963,Maxim
964,Fred
965,Herbert
966,Bruno
967,Donavon
968,Javonte
969,Ean
970,Kamren
971,Rowan
972,Alek
973,Brandyn
974,Demarco
975,Harvey
976,Hernan
977,Alexzander
978,Bo
979,Branson
980,Brennon
981,Genaro
982,Jamarcus
983,Aric
984,Barrett
985,Rey
986,Braiden
987,Brant
988,Dontae
989,Jovany
990,Kale
991,Nicklaus
992,Zander
993,Dillion
994,Donnell
995,Kylan
996,Treyvon
997,Vincenzo
998,Dayne
999,Francesco
1000,Isaak